{"cameraMode":{"drawMode":0,"name":"Shaded","section":"Shading Mode"},"sceneLighting":true,"audioPlay":false,"sceneViewState":{"m_AlwaysRefresh":false,"showFog":true,"showSkybox":true,"showFlares":true,"showImageEffects":true,"showParticleSystems":true,"showVisualEffectGraphs":true,"m_FxEnabled":true},"in2DMode":false,"pivot":{"x":0.14838145673274995,"y":1.619624376296997,"z":1.4529342651367188},"rotation":{"x":-0.11256205290555954,"y":-0.012820178642868996,"z":0.001451842486858368,"w":-0.9935687780380249},"size":0.8022184371948242,"orthographic":false}