{"cameraMode":{"drawMode":0,"name":"Shaded","section":"Shading Mode"},"sceneLighting":true,"audioPlay":false,"sceneViewState":{"m_AlwaysRefresh":false,"showFog":true,"showSkybox":true,"showFlares":true,"showImageEffects":true,"showParticleSystems":true,"showVisualEffectGraphs":true,"m_FxEnabled":true},"in2DMode":false,"pivot":{"x":-0.16863299906253816,"y":1.435483694076538,"z":2.350184917449951},"rotation":{"x":-0.14817987382411958,"y":0.033220626413822177,"z":-0.004975701682269573,"w":-0.9884045124053955},"size":1.198409080505371,"orthographic":false}